Workbook

Sheet Input
B1: =IF(A1="", "", IF(OR(A1="BLANK", A1="MEMO"), "", 1)) | E1: Vehicle
B2: =IF(A2="", "", IF(OR(A2="BLANK", A2="MEMO"), "", 1)) | E2: Model
B3: =IF(A3="", "", IF(OR(A3="BLANK", A3="MEMO"), "", 1)) | E3: Language
B4: =IF(A4="", "", IF(OR(A4="BLANK", A4="MEMO"), "", 1)) | E4: Pub. Number
B5: =IF(A5="", "", IF(OR(A5="BLANK", A5="MEMO"), "", 1)) | E5: Date
B6: =IF(A6="", "", IF(OR(A6="BLANK", A6="MEMO"), "", 1)) | E6: Quantity
B7: =IF(A7="", "", IF(OR(A7="BLANK", A7="MEMO"), "", 1)) | E7: Revised version
B8: =IF(A8="", "", IF(OR(A8="BLANK", A8="MEMO"), "", 1)) | E8: Full page | F8: =COUNTA(A:A) -> 0
B9: =IF(A9="", "", IF(OR(A9="BLANK", A9="MEMO"), "", 1)) | E9: Change page | F9: =COUNTIF(B:B,1) -> 0
B10: =IF(A10="", "", IF(OR(A10="BLANK", A10="MEMO"), "", 1)) | E10: barcode
B11: =IF(A11="", "", IF(OR(A11="BLANK", A11="MEMO"), "", 1)) | E11: Translation line | F11: -
B12: =IF(A12="", "", IF(OR(A12="BLANK", A12="MEMO"), "", 1))
B13: =IF(A13="", "", IF(OR(A13="BLANK", A13="MEMO"), "", 1))
B14: =IF(A14="", "", IF(OR(A14="BLANK", A14="MEMO"), "", 1))
B15: =IF(A15="", "", IF(OR(A15="BLANK", A15="MEMO"), "", 1))
B16: =IF(A16="", "", IF(OR(A16="BLANK", A16="MEMO"), "", 1))
B17: =IF(A17="", "", IF(OR(A17="BLANK", A17="MEMO"), "", 1))
B18: =IF(A18="", "", IF(OR(A18="BLANK", A18="MEMO"), "", 1))
B19: =IF(A19="", "", IF(OR(A19="BLANK", A19="MEMO"), "", 1))
B20: =IF(A20="", "", IF(OR(A20="BLANK", A20="MEMO"), "", 1))
B21: =IF(A21="", "", IF(OR(A21="BLANK", A21="MEMO"), "", 1))
B22: =IF(A22="", "", IF(OR(A22="BLANK", A22="MEMO"), "", 1))
B23: =IF(A23="", "", IF(OR(A23="BLANK", A23="MEMO"), "", 1))
... B1500: =IF(A1500="", "", IF(OR(A1500="BLANK", A1500="MEMO"), "", 1))

Sheet 차명_언어_연식
A1: Table Array | AG1: Unhide when page grows ≫
A3: =Input!E1 -> Vehicle | D3: =Input!F1 -> 0 | G3: =Input!E7 -> Revised version | J3: =Input!F7 -> 0
A4: =Input!E2 -> Model | D4: =Input!F2 -> 0 | G4: =Input!E8 -> Full page | J4: =Input!F8 -> 0
A5: =Input!E3 -> Language | D5: =Input!F3 -> 0 | G5: =Input!E9 -> Change page | J5: =Input!F9 -> 0
A6: =Input!E4 -> Pub. Number | D6: =Input!F4 -> 0 | G6: =Input!E10 -> barcode | J6: =Input!F10 -> 0
A7: =Input!E5 -> Date | D7: =Input!F5 -> 0 | G7: =Input!E11 -> Translation line | J7: =Input!F11 -> -
A8: =Input!E6 -> Quantity | D8: =Input!F6 -> 0
B10: P | C10: C | E10: P | F10: C | H10: P | I10: C | K10: P | L10: C | N10: P | O10: C | Q10: P | R10: C | T10: P | U10: C | W10: P | X10: C | Z10: P | AA10: C | AC10: P | AD10: C | AF10: P | AG10: C | AI10: P | AJ10: C | AL10: P | AM10: C | AO10: P | AP10: C | AR10: P | AS10: C | AU10: P | AV10: C | AX10: P | AY10: C
A11: 1 | B11: 1 | C11: =Input!A1 -> 0 | D11: 9 | E11: 65 | F11: =Input!A65 -> 0 | G11: 17 | H11: 129 | I11: =Input!A129 -> 0 | J11: 25 | K11: 193 | L11: =Input!A193 -> 0 | M11: 33 | N11: 257 | O11: =Input!A257 -> 0 | P11: 41 | Q11: 321 | R11: =Input!A321 -> 0 | S11: 49 | T11: 385 | U11: =Input!A385 -> 0 | V11: 57 | W11: 449 | X11: =Input!A449 -> 0 | Y11: 65 | Z11: 513 | AA11: =Input!A513 -> 0 | AB11: 73 | AC11: 577 | AD11: =Input!A577 -> 0 | AE11: 81 | AF11: 641 | AG11: =Input!A641 -> 0 | AH11: 89 | AI11: 705 | AJ11: =Input!A705 -> 0 | AK11: 97 | AL11: 769 | AM11: =Input!A769 -> 0 | AN11: 105 | AO11: 833 | AP11: =Input!A833 -> 0 | AQ11: 113 | AR11: 897 | AS11: =Input!A897 -> 0 | AT11: 121 | AU11: 961 | AV11: =Input!A961 -> 0 | AW11: 129 | AX11: 1025 | AY11: =Input!A1025 -> 0
B12: 2 | C12: =Input!A2 -> 0 | E12: 66 | F12: =Input!A66 -> 0 | H12: 130 | I12: =Input!A130 -> 0 | K12: 194 | L12: =Input!A194 -> 0 | N12: 258 | O12: =Input!A258 -> 0 | Q12: 322 | R12: =Input!A322 -> 0 | T12: 386 | U12: =Input!A386 -> 0 | W12: 450 | X12: =Input!A450 -> 0 | Z12: 514 | AA12: =Input!A514 -> 0 | AC12: 578 | AD12: =Input!A578 -> 0 | AF12: 642 | AG12: =Input!A642 -> 0 | AI12: 706 | AJ12: =Input!A706 -> 0 | AL12: 770 | AM12: =Input!A770 -> 0 | AO12: 834 | AP12: =Input!A834 -> 0 | AR12: 898 | AS12: =Input!A898 -> 0 | AU12: 962 | AV12: =Input!A962 -> 0 | AX12: 1026 | AY12: =Input!A1026 -> 0
B13: 3 | C13: =Input!A3 -> 0 | E13: 67 | F13: =Input!A67 -> 0 | H13: 131 | I13: =Input!A131 -> 0 | K13: 195 | L13: =Input!A195 -> 0 | N13: 259 | O13: =Input!A259 -> 0 | Q13: 323 | R13: =Input!A323 -> 0 | T13: 387 | U13: =Input!A387 -> 0 | W13: 451 | X13: =Input!A451 -> 0 | Z13: 515 | AA13: =Input!A515 -> 0 | AC13: 579 | AD13: =Input!A579 -> 0 | AF13: 643 | AG13: =Input!A643 -> 0 | AI13: 707 | AJ13: =Input!A707 -> 0 | AL13: 771 | AM13: =Input!A771 -> 0 | AO13: 835 | AP13: =Input!A835 -> 0 | AR13: 899 | AS13: =Input!A899 -> 0 | AU13: 963 | AV13: =Input!A963 -> 0 | AX13: 1027 | AY13: =Input!A1027 -> 0
B14: 4 | C14: =Input!A4 -> 0 | E14: 68 | F14: =Input!A68 -> 0 | H14: 132 | I14: =Input!A132 -> 0 | K14: 196 | L14: =Input!A196 -> 0 | N14: 260 | O14: =Input!A260 -> 0 | Q14: 324 | R14: =Input!A324 -> 0 | T14: 388 | U14: =Input!A388 -> 0 | W14: 452 | X14: =Input!A452 -> 0 | Z14: 516 | AA14: =Input!A516 -> 0 | AC14: 580 | AD14: =Input!A580 -> 0 | AF14: 644 | AG14: =Input!A644 -> 0 | AI14: 708 | AJ14: =Input!A708 -> 0 | AL14: 772 | AM14: =Input!A772 -> 0 | AO14: 836 | AP14: =Input!A836 -> 0 | AR14: 900 | AS14: =Input!A900 -> 0 | AU14: 964 | AV14: =Input!A964 -> 0 | AX14: 1028 | AY14: =Input!A1028 -> 0
B15: 5 | C15: =Input!A5 -> 0 | E15: 69 | F15: =Input!A69 -> 0 | H15: 133 | I15: =Input!A133 -> 0 | K15: 197 | L15: =Input!A197 -> 0 | N15: 261 | O15: =Input!A261 -> 0 | Q15: 325 | R15: =Input!A325 -> 0 | T15: 389 | U15: =Input!A389 -> 0 | W15: 453 | X15: =Input!A453 -> 0 | Z15: 517 | AA15: =Input!A517 -> 0 | AC15: 581 | AD15: =Input!A581 -> 0 | AF15: 645 | AG15: =Input!A645 -> 0 | AI15: 709 | AJ15: =Input!A709 -> 0 | AL15: 773 | AM15: =Input!A773 -> 0 | AO15: 837 | AP15: =Input!A837 -> 0 | AR15: 901 | AS15: =Input!A901 -> 0 | AU15: 965 | AV15: =Input!A965 -> 0 | AX15: 1029 | AY15: =Input!A1029 -> 0
B16: 6 | C16: =Input!A6 -> 0 | E16: 70 | F16: =Input!A70 -> 0 | H16: 134 | I16: =Input!A134 -> 0 | K16: 198 | L16: =Input!A198 -> 0 | N16: 262 | O16: =Input!A262 -> 0 | Q16: 326 | R16: =Input!A326 -> 0 | T16: 390 | U16: =Input!A390 -> 0 | W16: 454 | X16: =Input!A454 -> 0 | Z16: 518 | AA16: =Input!A518 -> 0 | AC16: 582 | AD16: =Input!A582 -> 0 | AF16: 646 | AG16: =Input!A646 -> 0 | AI16: 710 | AJ16: =Input!A710 -> 0 | AL16: 774 | AM16: =Input!A774 -> 0 | AO16: 838 | AP16: =Input!A838 -> 0 | AR16: 902 | AS16: =Input!A902 -> 0 | AU16: 966 | AV16: =Input!A966 -> 0 | AX16: 1030 | AY16: =Input!A1030 -> 0
B17: 7 | C17: =Input!A7 -> 0 | E17: 71 | F17: =Input!A71 -> 0 | H17: 135 | I17: =Input!A135 -> 0 | K17: 199 | L17: =Input!A199 -> 0 | N17: 263 | O17: =Input!A263 -> 0 | Q17: 327 | R17: =Input!A327 -> 0 | T17: 391 | U17: =Input!A391 -> 0 | W17: 455 | X17: =Input!A455 -> 0 | Z17: 519 | AA17: =Input!A519 -> 0 | AC17: 583 | AD17: =Input!A583 -> 0 | AF17: 647 | AG17: =Input!A647 -> 0 | AI17: 711 | AJ17: =Input!A711 -> 0 | AL17: 775 | AM17: =Input!A775 -> 0 | AO17: 839 | AP17: =Input!A839 -> 0 | AR17: 903 | AS17: =Input!A903 -> 0 | AU17: 967 | AV17: =Input!A967 -> 0 | AX17: 1031 | AY17: =Input!A1031 -> 0
B18: 8 | C18: =Input!A8 -> 0 | E18: 72 | F18: =Input!A72 -> 0 | H18: 136 | I18: =Input!A136 -> 0 | K18: 200 | L18: =Input!A200 -> 0 | N18: 264 | O18: =Input!A264 -> 0 | Q18: 328 | R18: =Input!A328 -> 0 | T18: 392 | U18: =Input!A392 -> 0 | W18: 456 | X18: =Input!A456 -> 0 | Z18: 520 | AA18: =Input!A520 -> 0 | AC18: 584 | AD18: =Input!A584 -> 0 | AF18: 648 | AG18: =Input!A648 -> 0 | AI18: 712 | AJ18: =Input!A712 -> 0 | AL18: 776 | AM18: =Input!A776 -> 0 | AO18: 840 | AP18: =Input!A840 -> 0 | AR18: 904 | AS18: =Input!A904 -> 0 | AU18: 968 | AV18: =Input!A968 -> 0 | AX18: 1032 | AY18: =Input!A1032 -> 0
A19: 2 | B19: 9 | C19: =Input!A9 -> 0 | D19: 10 | E19: 73 | F19: =Input!A73 -> 0 | G19: 18 | H19: 137 | I19: =Input!A137 -> 0 | J19: 26 | K19: 201 | L19: =Input!A201 -> 0 | M19: 34 | N19: 265 | O19: =Input!A265 -> 0 | P19: 42 | Q19: 329 | R19: =Input!A329 -> 0 | S19: 50 | T19: 393 | U19: =Input!A393 -> 0 | V19: 58 | W19: 457 | X19: =Input!A457 -> 0 | Y19: 66 | Z19: 521 | AA19: =Input!A521 -> 0 | AB19: 74 | AC19: 585 | AD19: =Input!A585 -> 0 | AE19: 82 | AF19: 649 | AG19: =Input!A649 -> 0 | AH19: 90 | AI19: 713 | AJ19: =Input!A713 -> 0 | AK19: 98 | AL19: 777 | AM19: =Input!A777 -> 0 | AN19: 106 | AO19: 841 | AP19: =Input!A841 -> 0 | AQ19: 114 | AR19: 905 | AS19: =Input!A905 -> 0 | AT19: 122 | AU19: 969 | AV19: =Input!A969 -> 0 | AW19: 130 | AX19: 1033 | AY19: =Input!A1033 -> 0
B20: 10 | C20: =Input!A10 -> 0 | E20: 74 | F20: =Input!A74 -> 0 | H20: 138 | I20: =Input!A138 -> 0 | K20: 202 | L20: =Input!A202 -> 0 | N20: 266 | O20: =Input!A266 -> 0 | Q20: 330 | R20: =Input!A330 -> 0 | T20: 394 | U20: =Input!A394 -> 0 | W20: 458 | X20: =Input!A458 -> 0 | Z20: 522 | AA20: =Input!A522 -> 0 | AC20: 586 | AD20: =Input!A586 -> 0 | AF20: 650 | AG20: =Input!A650 -> 0 | AI20: 714 | AJ20: =Input!A714 -> 0 | AL20: 778 | AM20: =Input!A778 -> 0 | AO20: 842 | AP20: =Input!A842 -> 0 | AR20: 906 | AS20: =Input!A906 -> 0 | AU20: 970 | AV20: =Input!A970 -> 0 | AX20: 1034 | AY20: =Input!A1034 -> 0
B21: 11 | C21: =Input!A11 -> 0 | E21: 75 | F21: =Input!A75 -> 0 | H21: 139 | I21: =Input!A139 -> 0 | K21: 203 | L21: =Input!A203 -> 0 | N21: 267 | O21: =Input!A267 -> 0 | Q21: 331 | R21: =Input!A331 -> 0 | T21: 395 | U21: =Input!A395 -> 0 | W21: 459 | X21: =Input!A459 -> 0 | Z21: 523 | AA21: =Input!A523 -> 0 | AC21: 587 | AD21: =Input!A587 -> 0 | AF21: 651 | AG21: =Input!A651 -> 0 | AI21: 715 | AJ21: =Input!A715 -> 0 | AL21: 779 | AM21: =Input!A779 -> 0 | AO21: 843 | AP21: =Input!A843 -> 0 | AR21: 907 | AS21: =Input!A907 -> 0 | AU21: 971 | AV21: =Input!A971 -> 0 | AX21: 1035 | AY21: =Input!A1035 -> 0
B22: 12 | C22: =Input!A12 -> 0 | E22: 76 | F22: =Input!A76 -> 0 | H22: 140 | I22: =Input!A140 -> 0 | K22: 204 | L22: =Input!A204 -> 0 | N22: 268 | O22: =Input!A268 -> 0 | Q22: 332 | R22: =Input!A332 -> 0 | T22: 396 | U22: =Input!A396 -> 0 | W22: 460 | X22: =Input!A460 -> 0 | Z22: 524 | AA22: =Input!A524 -> 0 | AC22: 588 | AD22: =Input!A588 -> 0 | AF22: 652 | AG22: =Input!A652 -> 0 | AI22: 716 | AJ22: =Input!A716 -> 0 | AL22: 780 | AM22: =Input!A780 -> 0 | AO22: 844 | AP22: =Input!A844 -> 0 | AR22: 908 | AS22: =Input!A908 -> 0 | AU22: 972 | AV22: =Input!A972 -> 0 | AX22: 1036 | AY22: =Input!A1036 -> 0
B23: 13 | C23: =Input!A13 -> 0 | E23: 77 | F23: =Input!A77 -> 0 | H23: 141 | I23: =Input!A141 -> 0 | K23: 205 | L23: =Input!A205 -> 0 | N23: 269 | O23: =Input!A269 -> 0 | Q23: 333 | R23: =Input!A333 -> 0 | T23: 397 | U23: =Input!A397 -> 0 | W23: 461 | X23: =Input!A461 -> 0 | Z23: 525 | AA23: =Input!A525 -> 0 | AC23: 589 | AD23: =Input!A589 -> 0 | AF23: 653 | AG23: =Input!A653 -> 0 | AI23: 717 | AJ23: =Input!A717 -> 0 | AL23: 781 | AM23: =Input!A781 -> 0 | AO23: 845 | AP23: =Input!A845 -> 0 | AR23: 909 | AS23: =Input!A909 -> 0 | AU23: 973 | AV23: =Input!A973 -> 0 | AX23: 1037 | AY23: =Input!A1037 -> 0
B24: 14 | C24: =Input!A14 -> 0 | E24: 78 | F24: =Input!A78 -> 0 | H24: 142 | I24: =Input!A142 -> 0 | K24: 206 | L24: =Input!A206 -> 0 | N24: 270 | O24: =Input!A270 -> 0 | Q24: 334 | R24: =Input!A334 -> 0 | T24: 398 | U24: =Input!A398 -> 0 | W24: 462 | X24: =Input!A462 -> 0 | Z24: 526 | AA24: =Input!A526 -> 0 | AC24: 590 | AD24: =Input!A590 -> 0 | AF24: 654 | AG24: =Input!A654 -> 0 | AI24: 718 | AJ24: =Input!A718 -> 0 | AL24: 782 | AM24: =Input!A782 -> 0 | AO24: 846 | AP24: =Input!A846 -> 0 | AR24: 910 | AS24: =Input!A910 -> 0 | AU24: 974 | AV24: =Input!A974 -> 0 | AX24: 1038 | AY24: =Input!A1038 -> 0
B25: 15 | C25: =Input!A15 -> 0 | E25: 79 | F25: =Input!A79 -> 0 | H25: 143 | I25: =Input!A143 -> 0 | K25: 207 | L25: =Input!A207 -> 0 | N25: 271 | O25: =Input!A271 -> 0 | Q25: 335 | R25: =Input!A335 -> 0 | T25: 399 | U25: =Input!A399 -> 0 | W25: 463 | X25: =Input!A463 -> 0 | Z25: 527 | AA25: =Input!A527 -> 0 | AC25: 591 | AD25: =Input!A591 -> 0 | AF25: 655 | AG25: =Input!A655 -> 0 | AI25: 719 | AJ25: =Input!A719 -> 0 | AL25: 783 | AM25: =Input!A783 -> 0 | AO25: 847 | AP25: =Input!A847 -> 0 | AR25: 911 | AS25: =Input!A911 -> 0 | AU25: 975 | AV25: =Input!A975 -> 0 | AX25: 1039 | AY25: =Input!A1039 -> 0
B26: 16 | C26: =Input!A16 -> 0 | E26: 80 | F26: =Input!A80 -> 0 | H26: 144 | I26: =Input!A144 -> 0 | K26: 208 | L26: =Input!A208 -> 0 | N26: 272 | O26: =Input!A272 -> 0 | Q26: 336 | R26: =Input!A336 -> 0 | T26: 400 | U26: =Input!A400 -> 0 | W26: 464 | X26: =Input!A464 -> 0 | Z26: 528 | AA26: =Input!A528 -> 0 | AC26: 592 | AD26: =Input!A592 -> 0 | AF26: 656 | AG26: =Input!A656 -> 0 | AI26: 720 | AJ26: =Input!A720 -> 0 | AL26: 784 | AM26: =Input!A784 -> 0 | AO26: 848 | AP26: =Input!A848 -> 0 | AR26: 912 | AS26: =Input!A912 -> 0 | AU26: 976 | AV26: =Input!A976 -> 0 | AX26: 1040 | AY26: =Input!A1040 -> 0
A27: 3 | B27: 17 | C27: =Input!A17 -> 0 | D27: 11 | E27: 81 | F27: =Input!A81 -> 0 | G27: 19 | H27: 145 | I27: =Input!A145 -> 0 | J27: 27 | K27: 209 | L27: =Input!A209 -> 0 | M27: 35 | N27: 273 | O27: =Input!A273 -> 0 | P27: 43 | Q27: 337 | R27: =Input!A337 -> 0 | S27: 51 | T27: 401 | U27: =Input!A401 -> 0 | V27: 59 | W27: 465 | X27: =Input!A465 -> 0 | Y27: 67 | Z27: 529 | AA27: =Input!A529 -> 0 | AB27: 75 | AC27: 593 | AD27: =Input!A593 -> 0 | AE27: 83 | AF27: 657 | AG27: =Input!A657 -> 0 | AH27: 91 | AI27: 721 | AJ27: =Input!A721 -> 0 | AK27: 99 | AL27: 785 | AM27: =Input!A785 -> 0 | AN27: 107 | AO27: 849 | AP27: =Input!A849 -> 0 | AQ27: 115 | AR27: 913 | AS27: =Input!A913 -> 0 | AT27: 123 | AU27: 977 | AV27: =Input!A977 -> 0 | AW27: 131 | AX27: 1041 | AY27: =Input!A1041 -> 0
B28: 18 | C28: =Input!A18 -> 0 | E28: 82 | F28: =Input!A82 -> 0 | H28: 146 | I28: =Input!A146 -> 0 | K28: 210 | L28: =Input!A210 -> 0 | N28: 274 | O28: =Input!A274 -> 0 | Q28: 338 | R28: =Input!A338 -> 0 | T28: 402 | U28: =Input!A402 -> 0 | W28: 466 | X28: =Input!A466 -> 0 | Z28: 530 | AA28: =Input!A530 -> 0 | AC28: 594 | AD28: =Input!A594 -> 0 | AF28: 658 | AG28: =Input!A658 -> 0 | AI28: 722 | AJ28: =Input!A722 -> 0 | AL28: 786 | AM28: =Input!A786 -> 0 | AO28: 850 | AP28: =Input!A850 -> 0 | AR28: 914 | AS28: =Input!A914 -> 0 | AU28: 978 | AV28: =Input!A978 -> 0 | AX28: 1042 | AY28: =Input!A1042 -> 0
B29: 19 | C29: =Input!A19 -> 0 | E29: 83 | F29: =Input!A83 -> 0 | H29: 147 | I29: =Input!A147 -> 0 | K29: 211 | L29: =Input!A211 -> 0 | N29: 275 | O29: =Input!A275 -> 0 | Q29: 339 | R29: =Input!A339 -> 0 | T29: 403 | U29: =Input!A403 -> 0 | W29: 467 | X29: =Input!A467 -> 0 | Z29: 531 | AA29: =Input!A531 -> 0 | AC29: 595 | AD29: =Input!A595 -> 0 | AF29: 659 | AG29: =Input!A659 -> 0 | AI29: 723 | AJ29: =Input!A723 -> 0 | AL29: 787 | AM29: =Input!A787 -> 0 | AO29: 851 | AP29: =Input!A851 -> 0 | AR29: 915 | AS29: =Input!A915 -> 0 | AU29: 979 | AV29: =Input!A979 -> 0 | AX29: 1043 | AY29: =Input!A1043 -> 0
B30: 20 | C30: =Input!A20 -> 0 | E30: 84 | F30: =Input!A84 -> 0 | H30: 148 | I30: =Input!A148 -> 0 | K30: 212 | L30: =Input!A212 -> 0 | N30: 276 | O30: =Input!A276 -> 0 | Q30: 340 | R30: =Input!A340 -> 0 | T30: 404 | U30: =Input!A404 -> 0 | W30: 468 | X30: =Input!A468 -> 0 | Z30: 532 | AA30: =Input!A532 -> 0 | AC30: 596 | AD30: =Input!A596 -> 0 | AF30: 660 | AG30: =Input!A660 -> 0 | AI30: 724 | AJ30: =Input!A724 -> 0 | AL30: 788 | AM30: =Input!A788 -> 0 | AO30: 852 | AP30: =Input!A852 -> 0 | AR30: 916 | AS30: =Input!A916 -> 0 | AU30: 980 | AV30: =Input!A980 -> 0 | AX30: 1044 | AY30: =Input!A1044 -> 0
B31: 21 | C31: =Input!A21 -> 0 | E31: 85 | F31: =Input!A85 -> 0 | H31: 149 | I31: =Input!A149 -> 0 | K31: 213 | L31: =Input!A213 -> 0 | N31: 277 | O31: =Input!A277 -> 0 | Q31: 341 | R31: =Input!A341 -> 0 | T31: 405 | U31: =Input!A405 -> 0 | W31: 469 | X31: =Input!A469 -> 0 | Z31: 533 | AA31: =Input!A533 -> 0 | AC31: 597 | AD31: =Input!A597 -> 0 | AF31: 661 | AG31: =Input!A661 -> 0 | AI31: 725 | AJ31: =Input!A725 -> 0 | AL31: 789 | AM31: =Input!A789 -> 0 | AO31: 853 | AP31: =Input!A853 -> 0 | AR31: 917 | AS31: =Input!A917 -> 0 | AU31: 981 | AV31: =Input!A981 -> 0 | AX31: 1045 | AY31: =Input!A1045 -> 0
B32: 22 | C32: =Input!A22 -> 0 | E32: 86 | F32: =Input!A86 -> 0 | H32: 150 | I32: =Input!A150 -> 0 | K32: 214 | L32: =Input!A214 -> 0 | N32: 278 | O32: =Input!A278 -> 0 | Q32: 342 | R32: =Input!A342 -> 0 | T32: 406 | U32: =Input!A406 -> 0 | W32: 470 | X32: =Input!A470 -> 0 | Z32: 534 | AA32: =Input!A534 -> 0 | AC32: 598 | AD32: =Input!A598 -> 0 | AF32: 662 | AG32: =Input!A662 -> 0 | AI32: 726 | AJ32: =Input!A726 -> 0 | AL32: 790 | AM32: =Input!A790 -> 0 | AO32: 854 | AP32: =Input!A854 -> 0 | AR32: 918 | AS32: =Input!A918 -> 0 | AU32: 982 | AV32: =Input!A982 -> 0 | AX32: 1046 | AY32: =Input!A1046 -> 0
B33: 23 | C33: =Input!A23 -> 0 | E33: 87 | F33: =Input!A87 -> 0 | H33: 151 | I33: =Input!A151 -> 0 | K33: 215 | L33: =Input!A215 -> 0 | N33: 279 | O33: =Input!A279 -> 0 | Q33: 343 | R33: =Input!A343 -> 0 | T33: 407 | U33: =Input!A407 -> 0 | W33: 471 | X33: =Input!A471 -> 0 | Z33: 535 | AA33: =Input!A535 -> 0 | AC33: 599 | AD33: =Input!A599 -> 0 | AF33: 663 | AG33: =Input!A663 -> 0 | AI33: 727 | AJ33: =Input!A727 -> 0 | AL33: 791 | AM33: =Input!A791 -> 0 | AO33: 855 | AP33: =Input!A855 -> 0 | AR33: 919 | AS33: =Input!A919 -> 0 | AU33: 983 | AV33: =Input!A983 -> 0 | AX33: 1047 | AY33: =Input!A1047 -> 0
B34: 24 | C34: =Input!A24 -> 0 | E34: 88 | F34: =Input!A88 -> 0 | H34: 152 | I34: =Input!A152 -> 0 | K34: 216 | L34: =Input!A216 -> 0 | N34: 280 | O34: =Input!A280 -> 0 | Q34: 344 | R34: =Input!A344 -> 0 | T34: 408 | U34: =Input!A408 -> 0 | W34: 472 | X34: =Input!A472 -> 0 | Z34: 536 | AA34: =Input!A536 -> 0 | AC34: 600 | AD34: =Input!A600 -> 0 | AF34: 664 | AG34: =Input!A664 -> 0 | AI34: 728 | AJ34: =Input!A728 -> 0 | AL34: 792 | AM34: =Input!A792 -> 0 | AO34: 856 | AP34: =Input!A856 -> 0 | AR34: 920 | AS34: =Input!A920 -> 0 | AU34: 984 | AV34: =Input!A984 -> 0 | AX34: 1048 | AY34: =Input!A1048 -> 0
A35: 4 | B35: 25 | C35: =Input!A25 -> 0 | D35: 12 | E35: 89 | F35: =Input!A89 -> 0 | G35: 20 | H35: 153 | I35: =Input!A153 -> 0 | J35: 28 | K35: 217 | L35: =Input!A217 -> 0 | M35: 36 | N35: 281 | O35: =Input!A281 -> 0 | P35: 44 | Q35: 345 | R35: =Input!A345 -> 0 | S35: 52 | T35: 409 | U35: =Input!A409 -> 0 | V35: 60 | W35: 473 | X35: =Input!A473 -> 0 | Y35: 68 | Z35: 537 | AA35: =Input!A537 -> 0 | AB35: 76 | AC35: 601 | AD35: =Input!A601 -> 0 | AE35: 84 | AF35: 665 | AG35: =Input!A665 -> 0 | AH35: 92 | AI35: 729 | AJ35: =Input!A729 -> 0 | AK35: 100 | AL35: 793 | AM35: =Input!A793 -> 0 | AN35: 108 | AO35: 857 | AP35: =Input!A857 -> 0 | AQ35: 116 | AR35: 921 | AS35: =Input!A921 -> 0 | AT35: 124 | AU35: 985 | AV35: =Input!A985 -> 0 | AW35: 132 | AX35: 1049 | AY35: =Input!A1049 -> 0
B36: 26 | C36: =Input!A26 -> 0 | E36: 90 | F36: =Input!A90 -> 0 | H36: 154 | I36: =Input!A154 -> 0 | K36: 218 | L36: =Input!A218 -> 0 | N36: 282 | O36: =Input!A282 -> 0 | Q36: 346 | R36: =Input!A346 -> 0 | T36: 410 | U36: =Input!A410 -> 0 | W36: 474 | X36: =Input!A474 -> 0 | Z36: 538 | AA36: =Input!A538 -> 0 | AC36: 602 | AD36: =Input!A602 -> 0 | AF36: 666 | AG36: =Input!A666 -> 0 | AI36: 730 | AJ36: =Input!A730 -> 0 | AL36: 794 | AM36: =Input!A794 -> 0 | AO36: 858 | AP36: =Input!A858 -> 0 | AR36: 922 | AS36: =Input!A922 -> 0 | AU36: 986 | AV36: =Input!A986 -> 0 | AX36: 1050 | AY36: =Input!A1050 -> 0
B37: 27 | C37: =Input!A27 -> 0 | E37: 91 | F37: =Input!A91 -> 0 | H37: 155 | I37: =Input!A155 -> 0 | K37: 219 | L37: =Input!A219 -> 0 | N37: 283 | O37: =Input!A283 -> 0 | Q37: 347 | R37: =Input!A347 -> 0 | T37: 411 | U37: =Input!A411 -> 0 | W37: 475 | X37: =Input!A475 -> 0 | Z37: 539 | AA37: =Input!A539 -> 0 | AC37: 603 | AD37: =Input!A603 -> 0 | AF37: 667 | AG37: =Input!A667 -> 0 | AI37: 731 | AJ37: =Input!A731 -> 0 | AL37: 795 | AM37: =Input!A795 -> 0 | AO37: 859 | AP37: =Input!A859 -> 0 | AR37: 923 | AS37: =Input!A923 -> 0 | AU37: 987 | AV37: =Input!A987 -> 0 | AX37: 1051 | AY37: =Input!A1051 -> 0
B38: 28 | C38: =Input!A28 -> 0 | E38: 92 | F38: =Input!A92 -> 0 | H38: 156 | I38: =Input!A156 -> 0 | K38: 220 | L38: =Input!A220 -> 0 | N38: 284 | O38: =Input!A284 -> 0 | Q38: 348 | R38: =Input!A348 -> 0 | T38: 412 | U38: =Input!A412 -> 0 | W38: 476 | X38: =Input!A476 -> 0 | Z38: 540 | AA38: =Input!A540 -> 0 | AC38: 604 | AD38: =Input!A604 -> 0 | AF38: 668 | AG38: =Input!A668 -> 0 | AI38: 732 | AJ38: =Input!A732 -> 0 | AL38: 796 | AM38: =Input!A796 -> 0 | AO38: 860 | AP38: =Input!A860 -> 0 | AR38: 924 | AS38: =Input!A924 -> 0 | AU38: 988 | AV38: =Input!A988 -> 0 | AX38: 1052 | AY38: =Input!A1052 -> 0
B39: 29 | C39: =Input!A29 -> 0 | E39: 93 | F39: =Input!A93 -> 0 | H39: 157 | I39: =Input!A157 -> 0 | K39: 221 | L39: =Input!A221 -> 0 | N39: 285 | O39: =Input!A285 -> 0 | Q39: 349 | R39: =Input!A349 -> 0 | T39: 413 | U39: =Input!A413 -> 0 | W39: 477 | X39: =Input!A477 -> 0 | Z39: 541 | AA39: =Input!A541 -> 0 | AC39: 605 | AD39: =Input!A605 -> 0 | AF39: 669 | AG39: =Input!A669 -> 0 | AI39: 733 | AJ39: =Input!A733 -> 0 | AL39: 797 | AM39: =Input!A797 -> 0 | AO39: 861 | AP39: =Input!A861 -> 0 | AR39: 925 | AS39: =Input!A925 -> 0 | AU39: 989 | AV39: =Input!A989 -> 0 | AX39: 1053 | AY39: =Input!A1053 -> 0
B40: 30 | C40: =Input!A30 -> 0 | E40: 94 | F40: =Input!A94 -> 0 | H40: 158 | I40: =Input!A158 -> 0 | K40: 222 | L40: =Input!A222 -> 0 | N40: 286 | O40: =Input!A286 -> 0 | Q40: 350 | R40: =Input!A350 -> 0 | T40: 414 | U40: =Input!A414 -> 0 | W40: 478 | X40: =Input!A478 -> 0 | Z40: 542 | AA40: =Input!A542 -> 0 | AC40: 606 | AD40: =Input!A606 -> 0 | AF40: 670 | AG40: =Input!A670 -> 0 | AI40: 734 | AJ40: =Input!A734 -> 0 | AL40: 798 | AM40: =Input!A798 -> 0 | AO40: 862 | AP40: =Input!A862 -> 0 | AR40: 926 | AS40: =Input!A926 -> 0 | AU40: 990 | AV40: =Input!A990 -> 0 | AX40: 1054 | AY40: =Input!A1054 -> 0
B41: 31 | C41: =Input!A31 -> 0 | E41: 95 | F41: =Input!A95 -> 0 | H41: 159 | I41: =Input!A159 -> 0 | K41: 223 | L41: =Input!A223 -> 0 | N41: 287 | O41: =Input!A287 -> 0 | Q41: 351 | R41: =Input!A351 -> 0 | T41: 415 | U41: =Input!A415 -> 0 | W41: 479 | X41: =Input!A479 -> 0 | Z41: 543 | AA41: =Input!A543 -> 0 | AC41: 607 | AD41: =Input!A607 -> 0 | AF41: 671 | AG41: =Input!A671 -> 0 | AI41: 735 | AJ41: =Input!A735 -> 0 | AL41: 799 | AM41: =Input!A799 -> 0 | AO41: 863 | AP41: =Input!A863 -> 0 | AR41: 927 | AS41: =Input!A927 -> 0 | AU41: 991 | AV41: =Input!A991 -> 0 | AX41: 1055 | AY41: =Input!A1055 -> 0
B42: 32 | C42: =Input!A32 -> 0 | E42: 96 | F42: =Input!A96 -> 0 | H42: 160 | I42: =Input!A160 -> 0 | K42: 224 | L42: =Input!A224 -> 0 | N42: 288 | O42: =Input!A288 -> 0 | Q42: 352 | R42: =Input!A352 -> 0 | T42: 416 | U42: =Input!A416 -> 0 | W42: 480 | X42: =Input!A480 -> 0 | Z42: 544 | AA42: =Input!A544 -> 0 | AC42: 608 | AD42: =Input!A608 -> 0 | AF42: 672 | AG42: =Input!A672 -> 0 | AI42: 736 | AJ42: =Input!A736 -> 0 | AL42: 800 | AM42: =Input!A800 -> 0 | AO42: 864 | AP42: =Input!A864 -> 0 | AR42: 928 | AS42: =Input!A928 -> 0 | AU42: 992 | AV42: =Input!A992 -> 0 | AX42: 1056 | AY42: =Input!A1056 -> 0
A43: 5 | B43: 33 | C43: =Input!A33 -> 0 | D43: 13 | E43: 97 | F43: =Input!A97 -> 0 | G43: 21 | H43: 161 | I43: =Input!A161 -> 0 | J43: 29 | K43: 225 | L43: =Input!A225 -> 0 | M43: 37 | N43: 289 | O43: =Input!A289 -> 0 | P43: 45 | Q43: 353 | R43: =Input!A353 -> 0 | S43: 53 | T43: 417 | U43: =Input!A417 -> 0 | V43: 61 | W43: 481 | X43: =Input!A481 -> 0 | Y43: 69 | Z43: 545 | AA43: =Input!A545 -> 0 | AB43: 77 | AC43: 609 | AD43: =Input!A609 -> 0 | AE43: 85 | AF43: 673 | AG43: =Input!A673 -> 0 | AH43: 93 | AI43: 737 | AJ43: =Input!A737 -> 0 | AK43: 101 | AL43: 801 | AM43: =Input!A801 -> 0 | AN43: 109 | AO43: 865 | AP43: =Input!A865 -> 0 | AQ43: 117 | AR43: 929 | AS43: =Input!A929 -> 0 | AT43: 125 | AU43: 993 | AV43: =Input!A993 -> 0 | AW43: 133 | AX43: 1057 | AY43: =Input!A1057 -> 0
B44: 34 | C44: =Input!A34 -> 0 | E44: 98 | F44: =Input!A98 -> 0 | H44: 162 | I44: =Input!A162 -> 0 | K44: 226 | L44: =Input!A226 -> 0 | N44: 290 | O44: =Input!A290 -> 0 | Q44: 354 | R44: =Input!A354 -> 0 | T44: 418 | U44: =Input!A418 -> 0 | W44: 482 | X44: =Input!A482 -> 0 | Z44: 546 | AA44: =Input!A546 -> 0 | AC44: 610 | AD44: =Input!A610 -> 0 | AF44: 674 | AG44: =Input!A674 -> 0 | AI44: 738 | AJ44: =Input!A738 -> 0 | AL44: 802 | AM44: =Input!A802 -> 0 | AO44: 866 | AP44: =Input!A866 -> 0 | AR44: 930 | AS44: =Input!A930 -> 0 | AU44: 994 | AV44: =Input!A994 -> 0 | AX44: 1058 | AY44: =Input!A1058 -> 0
B45: 35 | C45: =Input!A35 -> 0 | E45: 99 | F45: =Input!A99 -> 0 | H45: 163 | I45: =Input!A163 -> 0 | K45: 227 | L45: =Input!A227 -> 0 | N45: 291 | O45: =Input!A291 -> 0 | Q45: 355 | R45: =Input!A355 -> 0 | T45: 419 | U45: =Input!A419 -> 0 | W45: 483 | X45: =Input!A483 -> 0 | Z45: 547 | AA45: =Input!A547 -> 0 | AC45: 611 | AD45: =Input!A611 -> 0 | AF45: 675 | AG45: =Input!A675 -> 0 | AI45: 739 | AJ45: =Input!A739 -> 0 | AL45: 803 | AM45: =Input!A803 -> 0 | AO45: 867 | AP45: =Input!A867 -> 0 | AR45: 931 | AS45: =Input!A931 -> 0 | AU45: 995 | AV45: =Input!A995 -> 0 | AX45: 1059 | AY45: =Input!A1059 -> 0
B46: 36 | C46: =Input!A36 -> 0 | E46: 100 | F46: =Input!A100 -> 0 | H46: 164 | I46: =Input!A164 -> 0 | K46: 228 | L46: =Input!A228 -> 0 | N46: 292 | O46: =Input!A292 -> 0 | Q46: 356 | R46: =Input!A356 -> 0 | T46: 420 | U46: =Input!A420 -> 0 | W46: 484 | X46: =Input!A484 -> 0 | Z46: 548 | AA46: =Input!A548 -> 0 | AC46: 612 | AD46: =Input!A612 -> 0 | AF46: 676 | AG46: =Input!A676 -> 0 | AI46: 740 | AJ46: =Input!A740 -> 0 | AL46: 804 | AM46: =Input!A804 -> 0 | AO46: 868 | AP46: =Input!A868 -> 0 | AR46: 932 | AS46: =Input!A932 -> 0 | AU46: 996 | AV46: =Input!A996 -> 0 | AX46: 1060 | AY46: =Input!A1060 -> 0
B47: 37 | C47: =Input!A37 -> 0 | E47: 101 | F47: =Input!A101 -> 0 | H47: 165 | I47: =Input!A165 -> 0 | K47: 229 | L47: =Input!A229 -> 0 | N47: 293 | O47: =Input!A293 -> 0 | Q47: 357 | R47: =Input!A357 -> 0 | T47: 421 | U47: =Input!A421 -> 0 | W47: 485 | X47: =Input!A485 -> 0 | Z47: 549 | AA47: =Input!A549 -> 0 | AC47: 613 | AD47: =Input!A613 -> 0 | AF47: 677 | AG47: =Input!A677 -> 0 | AI47: 741 | AJ47: =Input!A741 -> 0 | AL47: 805 | AM47: =Input!A805 -> 0 | AO47: 869 | AP47: =Input!A869 -> 0 | AR47: 933 | AS47: =Input!A933 -> 0 | AU47: 997 | AV47: =Input!A997 -> 0 | AX47: 1061 | AY47: =Input!A1061 -> 0
B48: 38 | C48: =Input!A38 -> 0 | E48: 102 | F48: =Input!A102 -> 0 | H48: 166 | I48: =Input!A166 -> 0 | K48: 230 | L48: =Input!A230 -> 0 | N48: 294 | O48: =Input!A294 -> 0 | Q48: 358 | R48: =Input!A358 -> 0 | T48: 422 | U48: =Input!A422 -> 0 | W48: 486 | X48: =Input!A486 -> 0 | Z48: 550 | AA48: =Input!A550 -> 0 | AC48: 614 | AD48: =Input!A614 -> 0 | AF48: 678 | AG48: =Input!A678 -> 0 | AI48: 742 | AJ48: =Input!A742 -> 0 | AL48: 806 | AM48: =Input!A806 -> 0 | AO48: 870 | AP48: =Input!A870 -> 0 | AR48: 934 | AS48: =Input!A934 -> 0 | AU48: 998 | AV48: =Input!A998 -> 0 | AX48: 1062 | AY48: =Input!A1062 -> 0
B49: 39 | C49: =Input!A39 -> 0 | E49: 103 | F49: =Input!A103 -> 0 | H49: 167 | I49: =Input!A167 -> 0 | K49: 231 | L49: =Input!A231 -> 0 | N49: 295 | O49: =Input!A295 -> 0 | Q49: 359 | R49: =Input!A359 -> 0 | T49: 423 | U49: =Input!A423 -> 0 | W49: 487 | X49: =Input!A487 -> 0 | Z49: 551 | AA49: =Input!A551 -> 0 | AC49: 615 | AD49: =Input!A615 -> 0 | AF49: 679 | AG49: =Input!A679 -> 0 | AI49: 743 | AJ49: =Input!A743 -> 0 | AL49: 807 | AM49: =Input!A807 -> 0 | AO49: 871 | AP49: =Input!A871 -> 0 | AR49: 935 | AS49: =Input!A935 -> 0 | AU49: 999 | AV49: =Input!A999 -> 0 | AX49: 1063 | AY49: =Input!A1063 -> 0
B50: 40 | C50: =Input!A40 -> 0 | E50: 104 | F50: =Input!A104 -> 0 | H50: 168 | I50: =Input!A168 -> 0 | K50: 232 | L50: =Input!A232 -> 0 | N50: 296 | O50: =Input!A296 -> 0 | Q50: 360 | R50: =Input!A360 -> 0 | T50: 424 | U50: =Input!A424 -> 0 | W50: 488 | X50: =Input!A488 -> 0 | Z50: 552 | AA50: =Input!A552 -> 0 | AC50: 616 | AD50: =Input!A616 -> 0 | AF50: 680 | AG50: =Input!A680 -> 0 | AI50: 744 | AJ50: =Input!A744 -> 0 | AL50: 808 | AM50: =Input!A808 -> 0 | AO50: 872 | AP50: =Input!A872 -> 0 | AR50: 936 | AS50: =Input!A936 -> 0 | AU50: 1000 | AV50: =Input!A1000 -> 0 | AX50: 1064 | AY50: =Input!A1064 -> 0
A51: 6 | B51: 41 | C51: =Input!A41 -> 0 | D51: 14 | E51: 105 | F51: =Input!A105 -> 0 | G51: 22 | H51: 169 | I51: =Input!A169 -> 0 | J51: 30 | K51: 233 | L51: =Input!A233 -> 0 | M51: 38 | N51: 297 | O51: =Input!A297 -> 0 | P51: 46 | Q51: 361 | R51: =Input!A361 -> 0 | S51: 54 | T51: 425 | U51: =Input!A425 -> 0 | V51: 62 | W51: 489 | X51: =Input!A489 -> 0 | Y51: 70 | Z51: 553 | AA51: =Input!A553 -> 0 | AB51: 78 | AC51: 617 | AD51: =Input!A617 -> 0 | AE51: 86 | AF51: 681 | AG51: =Input!A681 -> 0 | AH51: 94 | AI51: 745 | AJ51: =Input!A745 -> 0 | AK51: 102 | AL51: 809 | AM51: =Input!A809 -> 0 | AN51: 110 | AO51: 873 | AP51: =Input!A873 -> 0 | AQ51: 118 | AR51: 937 | AS51: =Input!A937 -> 0 | AT51: 126 | AU51: 1001 | AV51: =Input!A1001 -> 0 | AW51: 134 | AX51: 1065 | AY51: =Input!A1065 -> 0
B52: 42 | C52: =Input!A42 -> 0 | E52: 106 | F52: =Input!A106 -> 0 | H52: 170 | I52: =Input!A170 -> 0 | K52: 234 | L52: =Input!A234 -> 0 | N52: 298 | O52: =Input!A298 -> 0 | Q52: 362 | R52: =Input!A362 -> 0 | T52: 426 | U52: =Input!A426 -> 0 | W52: 490 | X52: =Input!A490 -> 0 | Z52: 554 | AA52: =Input!A554 -> 0 | AC52: 618 | AD52: =Input!A618 -> 0 | AF52: 682 | AG52: =Input!A682 -> 0 | AI52: 746 | AJ52: =Input!A746 -> 0 | AL52: 810 | AM52: =Input!A810 -> 0 | AO52: 874 | AP52: =Input!A874 -> 0 | AR52: 938 | AS52: =Input!A938 -> 0 | AU52: 1002 | AV52: =Input!A1002 -> 0 | AX52: 1066 | AY52: =Input!A1066 -> 0
B53: 43 | C53: =Input!A43 -> 0 | E53: 107 | F53: =Input!A107 -> 0 | H53: 171 | I53: =Input!A171 -> 0 | K53: 235 | L53: =Input!A235 -> 0 | N53: 299 | O53: =Input!A299 -> 0 | Q53: 363 | R53: =Input!A363 -> 0 | T53: 427 | U53: =Input!A427 -> 0 | W53: 491 | X53: =Input!A491 -> 0 | Z53: 555 | AA53: =Input!A555 -> 0 | AC53: 619 | AD53: =Input!A619 -> 0 | AF53: 683 | AG53: =Input!A683 -> 0 | AI53: 747 | AJ53: =Input!A747 -> 0 | AL53: 811 | AM53: =Input!A811 -> 0 | AO53: 875 | AP53: =Input!A875 -> 0 | AR53: 939 | AS53: =Input!A939 -> 0 | AU53: 1003 | AV53: =Input!A1003 -> 0 | AX53: 1067 | AY53: =Input!A1067 -> 0
B54: 44 | C54: =Input!A44 -> 0 | E54: 108 | F54: =Input!A108 -> 0 | H54: 172 | I54: =Input!A172 -> 0 | K54: 236 | L54: =Input!A236 -> 0 | N54: 300 | O54: =Input!A300 -> 0 | Q54: 364 | R54: =Input!A364 -> 0 | T54: 428 | U54: =Input!A428 -> 0 | W54: 492 | X54: =Input!A492 -> 0 | Z54: 556 | AA54: =Input!A556 -> 0 | AC54: 620 | AD54: =Input!A620 -> 0 | AF54: 684 | AG54: =Input!A684 -> 0 | AI54: 748 | AJ54: =Input!A748 -> 0 | AL54: 812 | AM54: =Input!A812 -> 0 | AO54: 876 | AP54: =Input!A876 -> 0 | AR54: 940 | AS54: =Input!A940 -> 0 | AU54: 1004 | AV54: =Input!A1004 -> 0 | AX54: 1068 | AY54: =Input!A1068 -> 0
B55: 45 | C55: =Input!A45 -> 0 | E55: 109 | F55: =Input!A109 -> 0 | H55: 173 | I55: =Input!A173 -> 0 | K55: 237 | L55: =Input!A237 -> 0 | N55: 301 | O55: =Input!A301 -> 0 | Q55: 365 | R55: =Input!A365 -> 0 | T55: 429 | U55: =Input!A429 -> 0 | W55: 493 | X55: =Input!A493 -> 0 | Z55: 557 | AA55: =Input!A557 -> 0 | AC55: 621 | AD55: =Input!A621 -> 0 | AF55: 685 | AG55: =Input!A685 -> 0 | AI55: 749 | AJ55: =Input!A749 -> 0 | AL55: 813 | AM55: =Input!A813 -> 0 | AO55: 877 | AP55: =Input!A877 -> 0 | AR55: 941 | AS55: =Input!A941 -> 0 | AU55: 1005 | AV55: =Input!A1005 -> 0 | AX55: 1069 | AY55: =Input!A1069 -> 0
B56: 46 | C56: =Input!A46 -> 0 | E56: 110 | F56: =Input!A110 -> 0 | H56: 174 | I56: =Input!A174 -> 0 | K56: 238 | L56: =Input!A238 -> 0 | N56: 302 | O56: =Input!A302 -> 0 | Q56: 366 | R56: =Input!A366 -> 0 | T56: 430 | U56: =Input!A430 -> 0 | W56: 494 | X56: =Input!A494 -> 0 | Z56: 558 | AA56: =Input!A558 -> 0 | AC56: 622 | AD56: =Input!A622 -> 0 | AF56: 686 | AG56: =Input!A686 -> 0 | AI56: 750 | AJ56: =Input!A750 -> 0 | AL56: 814 | AM56: =Input!A814 -> 0 | AO56: 878 | AP56: =Input!A878 -> 0 | AR56: 942 | AS56: =Input!A942 -> 0 | AU56: 1006 | AV56: =Input!A1006 -> 0 | AX56: 1070 | AY56: =Input!A1070 -> 0
B57: 47 | C57: =Input!A47 -> 0 | E57: 111 | F57: =Input!A111 -> 0 | H57: 175 | I57: =Input!A175 -> 0 | K57: 239 | L57: =Input!A239 -> 0 | N57: 303 | O57: =Input!A303 -> 0 | Q57: 367 | R57: =Input!A367 -> 0 | T57: 431 | U57: =Input!A431 -> 0 | W57: 495 | X57: =Input!A495 -> 0 | Z57: 559 | AA57: =Input!A559 -> 0 | AC57: 623 | AD57: =Input!A623 -> 0 | AF57: 687 | AG57: =Input!A687 -> 0 | AI57: 751 | AJ57: =Input!A751 -> 0 | AL57: 815 | AM57: =Input!A815 -> 0 | AO57: 879 | AP57: =Input!A879 -> 0 | AR57: 943 | AS57: =Input!A943 -> 0 | AU57: 1007 | AV57: =Input!A1007 -> 0 | AX57: 1071 | AY57: =Input!A1071 -> 0
B58: 48 | C58: =Input!A48 -> 0 | E58: 112 | F58: =Input!A112 -> 0 | H58: 176 | I58: =Input!A176 -> 0 | K58: 240 | L58: =Input!A240 -> 0 | N58: 304 | O58: =Input!A304 -> 0 | Q58: 368 | R58: =Input!A368 -> 0 | T58: 432 | U58: =Input!A432 -> 0 | W58: 496 | X58: =Input!A496 -> 0 | Z58: 560 | AA58: =Input!A560 -> 0 | AC58: 624 | AD58: =Input!A624 -> 0 | AF58: 688 | AG58: =Input!A688 -> 0 | AI58: 752 | AJ58: =Input!A752 -> 0 | AL58: 816 | AM58: =Input!A816 -> 0 | AO58: 880 | AP58: =Input!A880 -> 0 | AR58: 944 | AS58: =Input!A944 -> 0 | AU58: 1008 | AV58: =Input!A1008 -> 0 | AX58: 1072 | AY58: =Input!A1072 -> 0
A59: 7 | B59: 49 | C59: =Input!A49 -> 0 | D59: 15 | E59: 113 | F59: =Input!A113 -> 0 | G59: 23 | H59: 177 | I59: =Input!A177 -> 0 | J59: 31 | K59: 241 | L59: =Input!A241 -> 0 | M59: 39 | N59: 305 | O59: =Input!A305 -> 0 | P59: 47 | Q59: 369 | R59: =Input!A369 -> 0 | S59: 55 | T59: 433 | U59: =Input!A433 -> 0 | V59: 63 | W59: 497 | X59: =Input!A497 -> 0 | Y59: 71 | Z59: 561 | AA59: =Input!A561 -> 0 | AB59: 79 | AC59: 625 | AD59: =Input!A625 -> 0 | AE59: 87 | AF59: 689 | AG59: =Input!A689 -> 0 | AH59: 95 | AI59: 753 | AJ59: =Input!A753 -> 0 | AK59: 103 | AL59: 817 | AM59: =Input!A817 -> 0 | AN59: 111 | AO59: 881 | AP59: =Input!A881 -> 0 | AQ59: 119 | AR59: 945 | AS59: =Input!A945 -> 0 | AT59: 127 | AU59: 1009 | AV59: =Input!A1009 -> 0 | AW59: 135 | AX59: 1073 | AY59: =Input!A1073 -> 0
B60: 50 | C60: =Input!A50 -> 0 | E60: 114 | F60: =Input!A114 -> 0 | H60: 178 | I60: =Input!A178 -> 0 | K60: 242 | L60: =Input!A242 -> 0 | N60: 306 | O60: =Input!A306 -> 0 | Q60: 370 | R60: =Input!A370 -> 0 | T60: 434 | U60: =Input!A434 -> 0 | W60: 498 | X60: =Input!A498 -> 0 | Z60: 562 | AA60: =Input!A562 -> 0 | AC60: 626 | AD60: =Input!A626 -> 0 | AF60: 690 | AG60: =Input!A690 -> 0 | AI60: 754 | AJ60: =Input!A754 -> 0 | AL60: 818 | AM60: =Input!A818 -> 0 | AO60: 882 | AP60: =Input!A882 -> 0 | AR60: 946 | AS60: =Input!A946 -> 0 | AU60: 1010 | AV60: =Input!A1010 -> 0 | AX60: 1074 | AY60: =Input!A1074 -> 0
B61: 51 | C61: =Input!A51 -> 0 | E61: 115 | F61: =Input!A115 -> 0 | H61: 179 | I61: =Input!A179 -> 0 | K61: 243 | L61: =Input!A243 -> 0 | N61: 307 | O61: =Input!A307 -> 0 | Q61: 371 | R61: =Input!A371 -> 0 | T61: 435 | U61: =Input!A435 -> 0 | W61: 499 | X61: =Input!A499 -> 0 | Z61: 563 | AA61: =Input!A563 -> 0 | AC61: 627 | AD61: =Input!A627 -> 0 | AF61: 691 | AG61: =Input!A691 -> 0 | AI61: 755 | AJ61: =Input!A755 -> 0 | AL61: 819 | AM61: =Input!A819 -> 0 | AO61: 883 | AP61: =Input!A883 -> 0 | AR61: 947 | AS61: =Input!A947 -> 0 | AU61: 1011 | AV61: =Input!A1011 -> 0 | AX61: 1075 | AY61: =Input!A1075 -> 0
B62: 52 | C62: =Input!A52 -> 0 | E62: 116 | F62: =Input!A116 -> 0 | H62: 180 | I62: =Input!A180 -> 0 | K62: 244 | L62: =Input!A244 -> 0 | N62: 308 | O62: =Input!A308 -> 0 | Q62: 372 | R62: =Input!A372 -> 0 | T62: 436 | U62: =Input!A436 -> 0 | W62: 500 | X62: =Input!A500 -> 0 | Z62: 564 | AA62: =Input!A564 -> 0 | AC62: 628 | AD62: =Input!A628 -> 0 | AF62: 692 | AG62: =Input!A692 -> 0 | AI62: 756 | AJ62: =Input!A756 -> 0 | AL62: 820 | AM62: =Input!A820 -> 0 | AO62: 884 | AP62: =Input!A884 -> 0 | AR62: 948 | AS62: =Input!A948 -> 0 | AU62: 1012 | AV62: =Input!A1012 -> 0 | AX62: 1076 | AY62: =Input!A1076 -> 0
B63: 53 | C63: =Input!A53 -> 0 | E63: 117 | F63: =Input!A117 -> 0 | H63: 181 | I63: =Input!A181 -> 0 | K63: 245 | L63: =Input!A245 -> 0 | N63: 309 | O63: =Input!A309 -> 0 | Q63: 373 | R63: =Input!A373 -> 0 | T63: 437 | U63: =Input!A437 -> 0 | W63: 501 | X63: =Input!A501 -> 0 | Z63: 565 | AA63: =Input!A565 -> 0 | AC63: 629 | AD63: =Input!A629 -> 0 | AF63: 693 | AG63: =Input!A693 -> 0 | AI63: 757 | AJ63: =Input!A757 -> 0 | AL63: 821 | AM63: =Input!A821 -> 0 | AO63: 885 | AP63: =Input!A885 -> 0 | AR63: 949 | AS63: =Input!A949 -> 0 | AU63: 1013 | AV63: =Input!A1013 -> 0 | AX63: 1077 | AY63: =Input!A1077 -> 0
B64: 54 | C64: =Input!A54 -> 0 | E64: 118 | F64: =Input!A118 -> 0 | H64: 182 | I64: =Input!A182 -> 0 | K64: 246 | L64: =Input!A246 -> 0 | N64: 310 | O64: =Input!A310 -> 0 | Q64: 374 | R64: =Input!A374 -> 0 | T64: 438 | U64: =Input!A438 -> 0 | W64: 502 | X64: =Input!A502 -> 0 | Z64: 566 | AA64: =Input!A566 -> 0 | AC64: 630 | AD64: =Input!A630 -> 0 | AF64: 694 | AG64: =Input!A694 -> 0 | AI64: 758 | AJ64: =Input!A758 -> 0 | AL64: 822 | AM64: =Input!A822 -> 0 | AO64: 886 | AP64: =Input!A886 -> 0 | AR64: 950 | AS64: =Input!A950 -> 0 | AU64: 1014 | AV64: =Input!A1014 -> 0 | AX64: 1078 | AY64: =Input!A1078 -> 0
B65: 55 | C65: =Input!A55 -> 0 | E65: 119 | F65: =Input!A119 -> 0 | H65: 183 | I65: =Input!A183 -> 0 | K65: 247 | L65: =Input!A247 -> 0 | N65: 311 | O65: =Input!A311 -> 0 | Q65: 375 | R65: =Input!A375 -> 0 | T65: 439 | U65: =Input!A439 -> 0 | W65: 503 | X65: =Input!A503 -> 0 | Z65: 567 | AA65: =Input!A567 -> 0 | AC65: 631 | AD65: =Input!A631 -> 0 | AF65: 695 | AG65: =Input!A695 -> 0 | AI65: 759 | AJ65: =Input!A759 -> 0 | AL65: 823 | AM65: =Input!A823 -> 0 | AO65: 887 | AP65: =Input!A887 -> 0 | AR65: 951 | AS65: =Input!A951 -> 0 | AU65: 1015 | AV65: =Input!A1015 -> 0 | AX65: 1079 | AY65: =Input!A1079 -> 0
B66: 56 | C66: =Input!A56 -> 0 | E66: 120 | F66: =Input!A120 -> 0 | H66: 184 | I66: =Input!A184 -> 0 | K66: 248 | L66: =Input!A248 -> 0 | N66: 312 | O66: =Input!A312 -> 0 | Q66: 376 | R66: =Input!A376 -> 0 | T66: 440 | U66: =Input!A440 -> 0 | W66: 504 | X66: =Input!A504 -> 0 | Z66: 568 | AA66: =Input!A568 -> 0 | AC66: 632 | AD66: =Input!A632 -> 0 | AF66: 696 | AG66: =Input!A696 -> 0 | AI66: 760 | AJ66: =Input!A760 -> 0 | AL66: 824 | AM66: =Input!A824 -> 0 | AO66: 888 | AP66: =Input!A888 -> 0 | AR66: 952 | AS66: =Input!A952 -> 0 | AU66: 1016 | AV66: =Input!A1016 -> 0 | AX66: 1080 | AY66: =Input!A1080 -> 0
A67: 8 | B67: 57 | C67: =Input!A57 -> 0 | D67: 16 | E67: 121 | F67: =Input!A121 -> 0 | G67: 24 | H67: 185 | I67: =Input!A185 -> 0 | J67: 32 | K67: 249 | L67: =Input!A249 -> 0 | M67: 40 | N67: 313 | O67: =Input!A313 -> 0 | P67: 48 | Q67: 377 | R67: =Input!A377 -> 0 | S67: 56 | T67: 441 | U67: =Input!A441 -> 0 | V67: 64 | W67: 505 | X67: =Input!A505 -> 0 | Y67: 72 | Z67: 569 | AA67: =Input!A569 -> 0 | AB67: 80 | AC67: 633 | AD67: =Input!A633 -> 0 | AE67: 88 | AF67: 697 | AG67: =Input!A697 -> 0 | AH67: 96 | AI67: 761 | AJ67: =Input!A761 -> 0 | AK67: 104 | AL67: 825 | AM67: =Input!A825 -> 0 | AN67: 112 | AO67: 889 | AP67: =Input!A889 -> 0 | AQ67: 120 | AR67: 953 | AS67: =Input!A953 -> 0 | AT67: 128 | AU67: 1017 | AV67: =Input!A1017 -> 0 | AW67: 136 | AX67: 1081 | AY67: =Input!A1081 -> 0
B68: 58 | C68: =Input!A58 -> 0 | E68: 122 | F68: =Input!A122 -> 0 | H68: 186 | I68: =Input!A186 -> 0 | K68: 250 | L68: =Input!A250 -> 0 | N68: 314 | O68: =Input!A314 -> 0 | Q68: 378 | R68: =Input!A378 -> 0 | T68: 442 | U68: =Input!A442 -> 0 | W68: 506 | X68: =Input!A506 -> 0 | Z68: 570 | AA68: =Input!A570 -> 0 | AC68: 634 | AD68: =Input!A634 -> 0 | AF68: 698 | AG68: =Input!A698 -> 0 | AI68: 762 | AJ68: =Input!A762 -> 0 | AL68: 826 | AM68: =Input!A826 -> 0 | AO68: 890 | AP68: =Input!A890 -> 0 | AR68: 954 | AS68: =Input!A954 -> 0 | AU68: 1018 | AV68: =Input!A1018 -> 0 | AX68: 1082 | AY68: =Input!A1082 -> 0
B69: 59 | C69: =Input!A59 -> 0 | E69: 123 | F69: =Input!A123 -> 0 | H69: 187 | I69: =Input!A187 -> 0 | K69: 251 | L69: =Input!A251 -> 0 | N69: 315 | O69: =Input!A315 -> 0 | Q69: 379 | R69: =Input!A379 -> 0 | T69: 443 | U69: =Input!A443 -> 0 | W69: 507 | X69: =Input!A507 -> 0 | Z69: 571 | AA69: =Input!A571 -> 0 | AC69: 635 | AD69: =Input!A635 -> 0 | AF69: 699 | AG69: =Input!A699 -> 0 | AI69: 763 | AJ69: =Input!A763 -> 0 | AL69: 827 | AM69: =Input!A827 -> 0 | AO69: 891 | AP69: =Input!A891 -> 0 | AR69: 955 | AS69: =Input!A955 -> 0 | AU69: 1019 | AV69: =Input!A1019 -> 0 | AX69: 1083 | AY69: =Input!A1083 -> 0
B70: 60 | C70: =Input!A60 -> 0 | E70: 124 | F70: =Input!A124 -> 0 | H70: 188 | I70: =Input!A188 -> 0 | K70: 252 | L70: =Input!A252 -> 0 | N70: 316 | O70: =Input!A316 -> 0 | Q70: 380 | R70: =Input!A380 -> 0 | T70: 444 | U70: =Input!A444 -> 0 | W70: 508 | X70: =Input!A508 -> 0 | Z70: 572 | AA70: =Input!A572 -> 0 | AC70: 636 | AD70: =Input!A636 -> 0 | AF70: 700 | AG70: =Input!A700 -> 0 | AI70: 764 | AJ70: =Input!A764 -> 0 | AL70: 828 | AM70: =Input!A828 -> 0 | AO70: 892 | AP70: =Input!A892 -> 0 | AR70: 956 | AS70: =Input!A956 -> 0 | AU70: 1020 | AV70: =Input!A1020 -> 0 | AX70: 1084 | AY70: =Input!A1084 -> 0
B71: 61 | C71: =Input!A61 -> 0 | E71: 125 | F71: =Input!A125 -> 0 | H71: 189 | I71: =Input!A189 -> 0 | K71: 253 | L71: =Input!A253 -> 0 | N71: 317 | O71: =Input!A317 -> 0 | Q71: 381 | R71: =Input!A381 -> 0 | T71: 445 | U71: =Input!A445 -> 0 | W71: 509 | X71: =Input!A509 -> 0 | Z71: 573 | AA71: =Input!A573 -> 0 | AC71: 637 | AD71: =Input!A637 -> 0 | AF71: 701 | AG71: =Input!A701 -> 0 | AI71: 765 | AJ71: =Input!A765 -> 0 | AL71: 829 | AM71: =Input!A829 -> 0 | AO71: 893 | AP71: =Input!A893 -> 0 | AR71: 957 | AS71: =Input!A957 -> 0 | AU71: 1021 | AV71: =Input!A1021 -> 0 | AX71: 1085 | AY71: =Input!A1085 -> 0
B72: 62 | C72: =Input!A62 -> 0 | E72: 126 | F72: =Input!A126 -> 0 | H72: 190 | I72: =Input!A190 -> 0 | K72: 254 | L72: =Input!A254 -> 0 | N72: 318 | O72: =Input!A318 -> 0 | Q72: 382 | R72: =Input!A382 -> 0 | T72: 446 | U72: =Input!A446 -> 0 | W72: 510 | X72: =Input!A510 -> 0 | Z72: 574 | AA72: =Input!A574 -> 0 | AC72: 638 | AD72: =Input!A638 -> 0 | AF72: 702 | AG72: =Input!A702 -> 0 | AI72: 766 | AJ72: =Input!A766 -> 0 | AL72: 830 | AM72: =Input!A830 -> 0 | AO72: 894 | AP72: =Input!A894 -> 0 | AR72: 958 | AS72: =Input!A958 -> 0 | AU72: 1022 | AV72: =Input!A1022 -> 0 | AX72: 1086 | AY72: =Input!A1086 -> 0
B73: 63 | C73: =Input!A63 -> 0 | E73: 127 | F73: =Input!A127 -> 0 | H73: 191 | I73: =Input!A191 -> 0 | K73: 255 | L73: =Input!A255 -> 0 | N73: 319 | O73: =Input!A319 -> 0 | Q73: 383 | R73: =Input!A383 -> 0 | T73: 447 | U73: =Input!A447 -> 0 | W73: 511 | X73: =Input!A511 -> 0 | Z73: 575 | AA73: =Input!A575 -> 0 | AC73: 639 | AD73: =Input!A639 -> 0 | AF73: 703 | AG73: =Input!A703 -> 0 | AI73: 767 | AJ73: =Input!A767 -> 0 | AL73: 831 | AM73: =Input!A831 -> 0 | AO73: 895 | AP73: =Input!A895 -> 0 | AR73: 959 | AS73: =Input!A959 -> 0 | AU73: 1023 | AV73: =Input!A1023 -> 0 | AX73: 1087 | AY73: =Input!A1087 -> 0
B74: 64 | C74: =Input!A64 -> 0 | E74: 128 | F74: =Input!A128 -> 0 | H74: 192 | I74: =Input!A192 -> 0 | K74: 256 | L74: =Input!A256 -> 0 | N74: 320 | O74: =Input!A320 -> 0 | Q74: 384 | R74: =Input!A384 -> 0 | T74: 448 | U74: =Input!A448 -> 0 | W74: 512 | X74: =Input!A512 -> 0 | Z74: 576 | AA74: =Input!A576 -> 0 | AC74: 640 | AD74: =Input!A640 -> 0 | AF74: 704 | AG74: =Input!A704 -> 0 | AI74: 768 | AJ74: =Input!A768 -> 0 | AL74: 832 | AM74: =Input!A832 -> 0 | AO74: 896 | AP74: =Input!A896 -> 0 | AR74: 960 | AS74: =Input!A960 -> 0 | AU74: 1024 | AV74: =Input!A1024 -> 0 | AX74: 1088 | AY74: =Input!A1088 -> 0
