Workbook

Sheet 도안 발주서
B1: 도안작업발주서
B3: 차 종 | C3: ='작업의뢰 내역'!I5 -> MV1_EV_27MY_KO
B4: MANUAL명 | C4: : 오너스매뉴얼
B6: 차종 | C6: 그룹 | D6: 도안 종류 | E6: 단가 | F6: 수량 | G6: 금액 | H6: 비 고
B7: ='작업의뢰 내역'!I5 -> MV1_EV_27MY_KO | C7: =IF('작업의뢰 내역'!D5="요약본","Q","1") -> Q | D7: 설명도 | E7: 4500 | F7: =COUNTIF('작업의뢰 내역'!$J$1:$J$1567,C7) -> 215 | G7: =E7*F7 -> 967500
D8: 구성도 | E8: 4500 | F8: =COUNTIF('작업의뢰 내역'!$J$1:$J$571,C8) -> 0 | G8: -
C9: =IF(C7="Q","1","2") -> 1 | D9: 설명도 | E9: 4500 | F9: =COUNTIF('작업의뢰 내역'!$J$1:$J$1567,C9) -> 0 | G9: =E9*F9 -> 0
D10: 구성도 | E10: 4500 | F10: =COUNTIF('작업의뢰 내역'!$J$1:$J$571,C10) -> 0 | G10: -
C11: =C9+1 -> 2 | D11: 설명도 | E11: 4500 | F11: =COUNTIF('작업의뢰 내역'!$J$1:$J$1567,C11) -> 87 | G11: =E11*F11 -> 391500
D12: 구성도 | E12: 4500 | F12: =COUNTIF('작업의뢰 내역'!$J$1:$J$571,C12) -> 0 | G12: -
C13: =C11+1 -> 3 | D13: 설명도 | E13: 4500 | F13: =COUNTIF('작업의뢰 내역'!$J$1:$J$1567,C13) -> 112 | G13: =E13*F13 -> 504000
D14: 구성도 | E14: 4500 | F14: =COUNTIF('작업의뢰 내역'!$J$1:$J$571,C14) -> 0 | G14: -
C15: =C13+1 -> 4 | D15: 설명도 | E15: 4500 | F15: =COUNTIF('작업의뢰 내역'!$J$1:$J$1567,C15) -> 18 | G15: =E15*F15 -> 81000
D16: 구성도 | E16: 4500 | F16: =COUNTIF('작업의뢰 내역'!$J$1:$J$571,C16) -> 0 | G16: -
C17: =C15+1 -> 5 | D17: 설명도 | E17: 4500 | F17: =COUNTIF('작업의뢰 내역'!$J$1:$J$1567,C17) -> 105 | G17: =E17*F17 -> 472500
D18: 구성도 | E18: 4500 | F18: =COUNTIF('작업의뢰 내역'!$J$1:$J$571,C18) -> 0 | G18: -
C19: =C17+1 -> 6 | D19: 설명도 | E19: 4500 | F19: =COUNTIF('작업의뢰 내역'!$J$1:$J$1567,C19) -> 5 | G19: =E19*F19 -> 22500
D20: 구성도 | E20: 4500 | F20: =COUNTIF('작업의뢰 내역'!$J$1:$J$571,C20) -> 0 | G20: -
C21: =C19+1 -> 7 | D21: 설명도 | E21: 4500 | F21: =COUNTIF('작업의뢰 내역'!$J$1:$J$1567,C21) -> 21 | G21: =E21*F21 -> 94500
D22: 구성도 | E22: 4500 | F22: =COUNTIF('작업의뢰 내역'!$J$1:$J$571,C22) -> 0 | G22: -
C23: =C21+1 -> 8 | D23: 설명도 | E23: 4500 | F23: =COUNTIF('작업의뢰 내역'!$J$1:$J$1567,C23) -> 4 | G23: =E23*F23 -> 18000
D24: 구성도 | E24: 4500 | F24: =COUNTIF('작업의뢰 내역'!$J$1:$J$571,C24) -> 0 | G24: -
C25: =C23+1 -> 9 | D25: 설명도 | E25: 4500 | F25: =COUNTIF('작업의뢰 내역'!$J$1:$J$1567,C25) -> 0 | G25: =E25*F25 -> 0
D26: 구성도 | E26: 4500 | F26: =COUNTIF('작업의뢰 내역'!$J$1:$J$571,C26) -> 0
C27: =C25+1 -> 10 | D27: 설명도 | E27: 4500 | F27: =COUNTIF('작업의뢰 내역'!$J$1:$J$1567,C27) -> 0 | G27: =E27*F27 -> 0
D28: 구성도 | E28: 4500 | F28: =COUNTIF('작업의뢰 내역'!$J$1:$J$571,C28) -> 0
C29: =C27+1 -> 11 | D29: 설명도 | E29: 4500 | F29: =COUNTIF('작업의뢰 내역'!$J$1:$J$1567,C29) -> 0 | G29: =E29*F29 -> 0
D30: 구성도 | E30: 4500 | F30: =COUNTIF('작업의뢰 내역'!$J$1:$J$571,C30) -> 0
B31: 합 계 | F31: =SUM(F7:F30) -> 567 | G31: =SUM(G7:G30) -> 2551500

Sheet 작업의뢰 내역
B1: ■ 도안 발주 내역
B4: NO. | C4: 도안 번호 | D4: 명 칭 | E4: 도안 종류 | F4: 단가 | G4: 수량 | H4: 금액 | I4: 차종 | J4: 챕터 | K4: 비고
B5: 1 | C5: OMVQ014018 | D5: 요약본 | E5: 설명도 | F5: 4500 | G5: 1 | H5: 4500 | I5: {=IF(D5="", "", LEFT( MID(CELL("filename",A1), FIND("도안발주내역서_", CELL("filename",A1)) + LEN("도안발주내역서_"), FIND("]", CELL("filename",A1)) - FIND("도안발주내역서_", CELL("filename",A1)) - LEN("도안발주내역서_")), FIND("_HTML", MID(CELL("filename",A1), FIND("도안발주내역서_", CELL("filename",A1)) + LEN("도안발주내역서_"), FIND("]", CELL("filename",A1)) - FIND("도안발주내역서_", CELL("filename",A1)) - LEN("도안발주내역서_"))) - 1 ))} -> MV1_EV_27MY_KO | J5: {=IF(D5="","",IF( COUNTIF($D$5:$D$571, "Infotainment system") > 0, VLOOKUP(D5, 챕터!$F$4:$G$100, 2, FALSE), IF( SUM(COUNTIF($D$5:$D$571, {"Hybrid system overview","Electric vehicle guide","Infotainment system"})) > 0, VLOOKUP(D5, 챕터!$D$4:$E$100, 2, FALSE), VLOOKUP(D5, 챕터!$B$4:$C$100, 2, FALSE) ) ))} -> Q
B6: 2 | C6: OMVQ014019 | D6: 요약본 | E6: 설명도 | F6: 4500 | G6: 1 | H6: 4500 | I6: =IF(D6="","",$I$5) -> MV1_EV_27MY_KO | J6: {=IF(D6="","",IF( COUNTIF($D$5:$D$571, "Infotainment system") > 0, VLOOKUP(D6, 챕터!$F$4:$G$100, 2, FALSE), IF( SUM(COUNTIF($D$5:$D$571, {"Hybrid system overview","Electric vehicle guide","Infotainment system"})) > 0, VLOOKUP(D6, 챕터!$D$4:$E$100, 2, FALSE), VLOOKUP(D6, 챕터!$B$4:$C$100, 2, FALSE) ) ))} -> Q
B7: 3 | C7: OMVQ014020 | D7: 요약본 | E7: 설명도 | F7: 4500 | G7: 1 | H7: 4500 | I7: =IF(D7="","",$I$5) -> MV1_EV_27MY_KO | J7: {=IF(D7="","",IF( COUNTIF($D$5:$D$571, "Infotainment system") > 0, VLOOKUP(D7, 챕터!$F$4:$G$100, 2, FALSE), IF( SUM(COUNTIF($D$5:$D$571, {"Hybrid system overview","Electric vehicle guide","Infotainment system"})) > 0, VLOOKUP(D7, 챕터!$D$4:$E$100, 2, FALSE), VLOOKUP(D7, 챕터!$B$4:$C$100, 2, FALSE) ) ))} -> Q
B8: 4 | C8: OMVQ014021 | D8: 요약본 | E8: 설명도 | F8: 4500 | G8: 1 | H8: 4500 | I8: =IF(D8="","",$I$5) -> MV1_EV_27MY_KO | J8: {=IF(D8="","",IF( COUNTIF($D$5:$D$571, "Infotainment system") > 0, VLOOKUP(D8, 챕터!$F$4:$G$100, 2, FALSE), IF( SUM(COUNTIF($D$5:$D$571, {"Hybrid system overview","Electric vehicle guide","Infotainment system"})) > 0, VLOOKUP(D8, 챕터!$D$4:$E$100, 2, FALSE), VLOOKUP(D8, 챕터!$B$4:$C$100, 2, FALSE) ) ))} -> Q
B9: 5 | C9: OMVQ014022 | D9: 요약본 | E9: 설명도 | F9: 4500 | G9: 1 | H9: 4500 | I9: =IF(D9="","",$I$5) -> MV1_EV_27MY_KO | J9: {=IF(D9="","",IF( COUNTIF($D$5:$D$571, "Infotainment system") > 0, VLOOKUP(D9, 챕터!$F$4:$G$100, 2, FALSE), IF( SUM(COUNTIF($D$5:$D$571, {"Hybrid system overview","Electric vehicle guide","Infotainment system"})) > 0, VLOOKUP(D9, 챕터!$D$4:$E$100, 2, FALSE), VLOOKUP(D9, 챕터!$B$4:$C$100, 2, FALSE) ) ))} -> Q
B10: 6 | C10: OSVQ014116 | D10: 요약본 | E10: 설명도 | F10: 4500 | G10: 1 | H10: 4500 | I10: =IF(D10="","",$I$5) -> MV1_EV_27MY_KO | J10: {=IF(D10="","",IF( COUNTIF($D$5:$D$571, "Infotainment system") > 0, VLOOKUP(D10, 챕터!$F$4:$G$100, 2, FALSE), IF( SUM(COUNTIF($D$5:$D$571, {"Hybrid system overview","Electric vehicle guide","Infotainment system"})) > 0, VLOOKUP(D10, 챕터!$D$4:$E$100, 2, FALSE), VLOOKUP(D10, 챕터!$B$4:$C$100, 2, FALSE) ) ))} -> Q
B11: 7 | C11: OSVQ014115 | D11: 요약본 | E11: 설명도 | F11: 4500 | G11: 1 | H11: 4500 | I11: =IF(D11="","",$I$5) -> MV1_EV_27MY_KO | J11: {=IF(D11="","",IF( COUNTIF($D$5:$D$571, "Infotainment system") > 0, VLOOKUP(D11, 챕터!$F$4:$G$100, 2, FALSE), IF( SUM(COUNTIF($D$5:$D$571, {"Hybrid system overview","Electric vehicle guide","Infotainment system"})) > 0, VLOOKUP(D11, 챕터!$D$4:$E$100, 2, FALSE), VLOOKUP(D11, 챕터!$B$4:$C$100, 2, FALSE) ) ))} -> Q
B12: 8 | C12: OSVQ014117 | D12: 요약본 | E12: 설명도 | F12: 4500 | G12: 1 | H12: 4500 | I12: =IF(D12="","",$I$5) -> MV1_EV_27MY_KO | J12: {=IF(D12="","",IF( COUNTIF($D$5:$D$571, "Infotainment system") > 0, VLOOKUP(D12, 챕터!$F$4:$G$100, 2, FALSE), IF( SUM(COUNTIF($D$5:$D$571, {"Hybrid system overview","Electric vehicle guide","Infotainment system"})) > 0, VLOOKUP(D12, 챕터!$D$4:$E$100, 2, FALSE), VLOOKUP(D12, 챕터!$B$4:$C$100, 2, FALSE) ) ))} -> Q
B13: 9 | C13: OSVQ014119 | D13: 요약본 | E13: 설명도 | F13: 4500 | G13: 1 | H13: 4500 | I13: =IF(D13="","",$I$5) -> MV1_EV_27MY_KO | J13: {=IF(D13="","",IF( COUNTIF($D$5:$D$571, "Infotainment system") > 0, VLOOKUP(D13, 챕터!$F$4:$G$100, 2, FALSE), IF( SUM(COUNTIF($D$5:$D$571, {"Hybrid system overview","Electric vehicle guide","Infotainment system"})) > 0, VLOOKUP(D13, 챕터!$D$4:$E$100, 2, FALSE), VLOOKUP(D13, 챕터!$B$4:$C$100, 2, FALSE) ) ))} -> Q
B14: 10 | C14: OSVQ014118 | D14: 요약본 | E14: 설명도 | F14: 4500 | G14: 1 | H14: 4500 | I14: =IF(D14="","",$I$5) -> MV1_EV_27MY_KO | J14: {=IF(D14="","",IF( COUNTIF($D$5:$D$571, "Infotainment system") > 0, VLOOKUP(D14, 챕터!$F$4:$G$100, 2, FALSE), IF( SUM(COUNTIF($D$5:$D$571, {"Hybrid system overview","Electric vehicle guide","Infotainment system"})) > 0, VLOOKUP(D14, 챕터!$D$4:$E$100, 2, FALSE), VLOOKUP(D14, 챕터!$B$4:$C$100, 2, FALSE) ) ))} -> Q
B15: 11 | C15: OMVQ014027 | D15: 요약본 | E15: 설명도 | F15: 4500 | G15: 1 | H15: 4500 | I15: =IF(D15="","",$I$5) -> MV1_EV_27MY_KO | J15: {=IF(D15="","",IF( COUNTIF($D$5:$D$571, "Infotainment system") > 0, VLOOKUP(D15, 챕터!$F$4:$G$100, 2, FALSE), IF( SUM(COUNTIF($D$5:$D$571, {"Hybrid system overview","Electric vehicle guide","Infotainment system"})) > 0, VLOOKUP(D15, 챕터!$D$4:$E$100, 2, FALSE), VLOOKUP(D15, 챕터!$B$4:$C$100, 2, FALSE) ) ))} -> Q
B16: 12 | C16: OSVQ014019 | D16: 요약본 | E16: 설명도 | F16: 4500 | G16: 1 | H16: 4500 | I16: =IF(D16="","",$I$5) -> MV1_EV_27MY_KO | J16: {=IF(D16="","",IF( COUNTIF($D$5:$D$571, "Infotainment system") > 0, VLOOKUP(D16, 챕터!$F$4:$G$100, 2, FALSE), IF( SUM(COUNTIF($D$5:$D$571, {"Hybrid system overview","Electric vehicle guide","Infotainment system"})) > 0, VLOOKUP(D16, 챕터!$D$4:$E$100, 2, FALSE), VLOOKUP(D16, 챕터!$B$4:$C$100, 2, FALSE) ) ))} -> Q
B17: 13 | C17: OSVQ014071_4 | D17: 요약본 | E17: 설명도 | F17: 4500 | G17: 1 | H17: 4500 | I17: =IF(D17="","",$I$5) -> MV1_EV_27MY_KO | J17: {=IF(D17="","",IF( COUNTIF($D$5:$D$571, "Infotainment system") > 0, VLOOKUP(D17, 챕터!$F$4:$G$100, 2, FALSE), IF( SUM(COUNTIF($D$5:$D$571, {"Hybrid system overview","Electric vehicle guide","Infotainment system"})) > 0, VLOOKUP(D17, 챕터!$D$4:$E$100, 2, FALSE), VLOOKUP(D17, 챕터!$B$4:$C$100, 2, FALSE) ) ))} -> Q
... B571: 567 | C571: OMV103009L_4 | D571: 차량 정보 | E571: 설명도 | F571: 4500 | G571: 1 | H571: 4500 | I571: =IF(D571="","",$I$5) -> MV1_EV_27MY_KO | J571: {=IF(D571="","",IF( COUNTIF($D$5:$D$571, "Infotainment system") > 0, VLOOKUP(D571, 챕터!$F$4:$G$100, 2, FALSE), IF( SUM(COUNTIF($D$5:$D$571, {"Hybrid system overview","Electric vehicle guide","Infotainment system"})) > 0, VLOOKUP(D571, 챕터!$D$4:$E$100, 2, FALSE), VLOOKUP(D571, 챕터!$B$4:$C$100, 2, FALSE) ) ))} -> 8
B572: 합계 | G572: =SUM(G5:G571) -> 567 | H572: =SUM(H5:H571) -> 2551500

Sheet 챕터
B3: A | C3: B
B4: 요약본 | C4: Q | D4: Hybrid system overview | E4: 1
B5: 그림 목차/안전 주의 사항 | C5: 1 | D5: Electric vehicle guide | E5: 1 | F5: Introduction | G5: 1
B6: 안전 장치 | C6: 2 | D6: Introduction | E6: 2 | F6: Your vehicle at a glance | G6: 2
B7: 편의 장치 | C7: 3 | D7: Your vehicle at a glance | E7: 3 | F7: Safety features of your vehicle | G7: 3
B8: 시동 및 주행 | C8: 4 | D8: Safety features of your vehicle | E8: 4 | F8: Features of your vehicle | G8: 4
B9: 운전자 보조 시스템 | C9: 5 | D9: Features of your vehicle | E9: 5 | F9: Infotainment system | G9: 5
B10: 비상시 응급조치 | C10: 6 | D10: Driving your vehicle | E10: 6 | F10: Driving your vehicle | G10: 5
B11: 정기 점검 | C11: 7 | D11: Driver assistance system | E11: 7 | F11: Driver assistance system | G11: 6
B12: 차량 정보 | C12: 8 | D12: What to do in an emergency | E12: 8 | F12: What to do in an emergency | G12: 7
D13: Maintenance | E13: 9 | F13: Maintenance | G13: 8
B14: Introduction | C14: 1 | D14: Specifications & Consumer information | E14: 10 | F14: Specifications & Consumer information | G14: 9
B15: Your vehicle at a glance | C15: 2 | D15: Specifications, Consumer information and Reporting safety defects | E15: 10 | F15: Specifications and Consumer information | G15: 9
B16: Safety features of your vehicle | C16: 3
B17: Features of your vehicle | C17: 4 | F17: Specifications, Consumer information and Reporting safety defects | G17: 10
B18: Driving your vehicle | C18: 5
B19: Driver assistance system | C19: 6
B20: What to do in an emergency | C20: 7
B21: Maintenance | C21: 8
B22: Specifications & Consumer information | C22: 9
B23: Specifications, Consumer information and Reporting safety defects | C23: 9
B24: Vehicle safety controls | C24: 3 | D24: Vehicle safety controls | E24: 4 | F24: Vehicle safety controls | G24: 4
B25: Vehicle controls | C25: 4 | D25: Vehicle controls | E25: 5 | F25: Vehicle controls | G25: 5
B26: Vehicle driving controls | C26: 7 | D26: Vehicle driving controls | E26: 6 | F26: Vehicle driving controls | G26: 6
B27: Driver assistance guide | C27: 7 | D27: Driver assistance guide | E27: 7 | F27: Driver assistance guide | G27: 7
B28: Specifications, Consumer information and Reporting safety defects | C28: 9
B29: Safety features of your Kia | C29: 3 | D29: Safety features of your Kia | E29: 4 | F29: Safety features of your Kia | G29: 4
B32: Specifications, Consumer information and Reporting safety defects | C32: 10
B34: 그림목차/안전 주의 사항 | C34: 1
B35: 비상시 응급 조치 | C35: 6
